INSERT INTO FACULTY (FACULTY, FACULTY_NAME) VALUES 
('ФИТ', N'Факультет информационных технологий'),
('ХТиТ', N'Факультет химической технологии и техники'),
('ИЭФ', N'Инженерно-экономический факультет'),
('ТОВ', N'Факультет технологии органических веществ');

INSERT INTO PULPIT (PULPIT, PULPIT_NAME, FACULTY) VALUES 
('ИСиТ', N'Кафедра информационных систем и технологий', 'ФИТ'),
('ПОИБМС', N'Кафедра программного обеспечения информационных технологий', 'ФИТ'),
('ВМ', N'Кафедра высшей математики', 'ФИТ'),
('ФизХим', N'Кафедра физической и коллоидной химии', 'ХТиТ'),
('Менеджмент', N'Кафедра менеджмента, технологий бизнеса и устойч. развития', 'ИЭФ');

INSERT INTO TEACHER (TEACHER, TEACHER_NAME, PULPIT) VALUES 
('Шиман', N'Шиман Дмитрий Васильевич', 'ИСиТ'),
('Урбанович', N'Урбанович Павел Павлович', 'ИСиТ'),
('Жигадло', N'Жигадло Анна Павловна', 'ПОИБМС'),
('Близняк', N'Близняк Николай Власович', 'ПОИБМС'),
('Асмыкович', N'Асмыкович Иван Кузьмич', 'ВМ'),
('Барковский', N'Барковский Евгений Викторович', 'ФизХим'),
('Новикова', N'Новикова Ирина Васильевна', 'Менеджмент');

INSERT INTO [SUBJECT] ([SUBJECT], SUBJECT_NAME, PULPIT) VALUES 
('СУБД', N'Системы управления базами данных', 'ИСиТ'),
('ОАиП', N'Основы алгоритмизации и программирования', 'ИСиТ'),
('КПиЯП', N'Конструирование программ и языки программирования', 'ПОИБМС'),
('КГ', N'Компьютерная геометрия', 'ПОИБМС'),
('МатАн', N'Математический анализ', 'ВМ'),
('ФизХимия', N'Физическая химия', 'ФизХим'),
('ЭконПред', N'Экономика предприятия', 'Менеджмент');

INSERT INTO AUDITORIUM_TYPE (AUDITORIUM_TYPE, AUDITORIUM_TYPENAME) VALUES 
('ЛК', N'Лекционная'),
('ЛБ-К', N'Компьютерный класс'),
('ЛБ-Х', N'Химическая лаборатория'),
('ПЗ', N'Аудитория для практических занятий');

INSERT INTO AUDITORIUM (AUDITORIUM, AUDITORIUM_NAME, AUDITORIUM_CAPACITY, AUDITORIUM_TYPE) VALUES 
('313-4', N'313-4', 60, 'ЛК'),
('106-4', N'106-4', 15, 'ЛБ-К'),
('324-1', N'324-1', 90, 'ЛК'),
('205-2', N'205-2', 20, 'ЛБ-Х'),
('415-3', N'415-3', 30, 'ПЗ'),
('134-4', N'134-4', 60, 'ЛК');
